,open_sample_0,high_sample_0,low_sample_0,close_sample_0,volume_sample_0,amount_sample_0,open_sample_1,high_sample_1,low_sample_1,close_sample_1,volume_sample_1,amount_sample_1,open_sample_2,high_sample_2,low_sample_2,close_sample_2,volume_sample_2,amount_sample_2,open_sample_3,high_sample_3,low_sample_3,close_sample_3,volume_sample_3,amount_sample_3,open_sample_4,high_sample_4,low_sample_4,close_sample_4,volume_sample_4,amount_sample_4,open_sample_5,high_sample_5,low_sample_5,close_sample_5,volume_sample_5,amount_sample_5,open_sample_6,high_sample_6,low_sample_6,close_sample_6,volume_sample_6,amount_sample_6,open_sample_7,high_sample_7,low_sample_7,close_sample_7,volume_sample_7,amount_sample_7,open_sample_8,high_sample_8,low_sample_8,close_sample_8,volume_sample_8,amount_sample_8,open_sample_9,high_sample_9,low_sample_9,close_sample_9,volume_sample_9,amount_sample_9,open_sample_10,high_sample_10,low_sample_10,close_sample_10,volume_sample_10,amount_sample_10,open_sample_11,high_sample_11,low_sample_11,close_sample_11,volume_sample_11,amount_sample_11,open_sample_12,high_sample_12,low_sample_12,close_sample_12,volume_sample_12,amount_sample_12,open_sample_13,high_sample_13,low_sample_13,close_sample_13,volume_sample_13,amount_sample_13,open_sample_14,high_sample_14,low_sample_14,close_sample_14,volume_sample_14,amount_sample_14,open_sample_15,high_sample_15,low_sample_15,close_sample_15,volume_sample_15,amount_sample_15,open_sample_16,high_sample_16,low_sample_16,close_sample_16,volume_sample_16,amount_sample_16,open_sample_17,high_sample_17,low_sample_17,close_sample_17,volume_sample_17,amount_sample_17,open_sample_18,high_sample_18,low_sample_18,close_sample_18,volume_sample_18,amount_sample_18,open_sample_19,high_sample_19,low_sample_19,close_sample_19,volume_sample_19,amount_sample_19
2025-10-19 12:00:00,107969.36,108175.72,107623.36,107894.88,505.3828,53859756.0,107956.71,107995.71,107704.62,107838.0,228.20032,23650312.0,107925.055,108000.85,107573.54,107784.05,371.40973,38560730.0,107956.71,107995.71,107704.62,107838.0,228.20032,23650312.0,108086.695,108499.164,107873.59,108306.9,202.13123,17355680.0,107956.71,107995.71,107704.62,107838.0,228.20032,23650312.0,107997.81,108219.25,107924.48,108142.65,364.2771,38103530.0,107956.71,107995.71,107704.62,107838.0,228.20032,23650312.0,107925.055,108000.85,107573.54,107784.05,371.40973,38560730.0,107969.36,108175.72,107623.36,107894.88,505.3828,53859756.0,107997.81,108219.25,107924.48,108142.65,364.2771,38103530.0,107925.055,108000.85,107573.54,107784.05,371.40973,38560730.0,107956.71,107995.71,107704.62,107838.0,228.20032,23650312.0,107925.055,108000.85,107573.54,107784.05,371.40973,38560730.0,107969.36,108175.72,107623.36,107894.88,505.3828,53859756.0,107925.055,108000.85,107573.54,107784.05,371.40973,38560730.0,107997.81,108219.25,107924.48,108142.65,364.2771,38103530.0,107956.71,107995.71,107704.62,107838.0,228.20032,23650312.0,107956.71,107995.71,107704.62,107838.0,228.20032,23650312.0,108045.586,108467.15,107930.45,108288.83,658.4579,69971090.0
2025-10-19 13:00:00,107953.11,108403.305,107875.55,108288.31,487.05692,51405452.0,107775.37,108109.22,107602.37,107961.65,430.16858,45709320.0,107752.8,107957.445,107589.22,107859.28,334.98743,35089256.0,107747.31,107962.26,107582.52,107863.695,303.461,31738192.0,108334.67,108468.74,107890.766,108120.59,434.1446,46776360.0,107747.31,107962.26,107582.52,107863.695,303.461,31738192.0,108152.05,108400.24,108117.266,108337.19,328.19727,34650810.0,107748.234,108169.63,107574.11,108022.586,610.23065,65198388.0,107704.71,107701.32,107264.195,107357.35,407.19012,42891730.0,107766.35,108331.8,107685.95,108044.734,862.7271,93526860.0,108152.05,108400.24,108117.266,108337.19,328.19727,34650810.0,107752.8,107957.445,107589.22,107859.28,334.98743,35089256.0,107714.15,107796.86,107276.19,107486.28,501.4076,52530290.0,107752.8,107957.445,107589.22,107859.28,334.98743,35089256.0,107857.57,108028.34,107637.75,107897.984,367.96393,38654240.0,107693.27,107928.71,107351.95,107678.15,747.62463,78912020.0,108090.65,108184.24,107862.836,108019.94,337.341,35419504.0,107747.31,107962.26,107582.52,107863.695,303.461,31738192.0,107771.93,107914.13,107690.23,107870.766,164.98682,17538240.0,108186.34,108208.61,107858.13,107976.38,407.08917,42974176.0
2025-10-19 14:00:00,108237.234,108661.48,108003.55,108349.78,950.901,102563496.0,107925.19,108045.65,107812.17,107962.97,182.77344,19755040.0,107844.34,108638.93,107886.06,108506.74,970.5835,104293700.0,107825.29,108000.11,107688.19,107915.12,297.17493,31166816.0,108173.555,108185.98,107627.25,107774.79,515.42285,54447260.0,107834.43,108138.39,107684.96,108001.61,424.04028,44806056.0,108309.16,108371.13,108078.1,108190.53,312.7226,32955552.0,108001.914,108509.1,107964.27,108381.195,695.2776,74337600.0,107349.94,107500.23,107049.39,107323.66,513.4269,53489110.0,108010.28,108218.34,107760.52,108013.9,559.2916,59652744.0,108358.305,108570.76,108305.3,108488.96,304.54016,32252872.0,107841.04,108014.82,107681.47,107917.78,313.06024,32798368.0,107383.484,108140.29,107381.195,108036.13,929.2025,99208600.0,107841.04,108014.82,107681.47,107917.78,313.06024,32798368.0,107918.48,108266.016,107919.69,108244.67,327.22998,34409576.0,107611.8,107802.016,107251.07,107560.56,814.70166,85804170.0,107971.03,107993.08,107511.73,107667.984,510.38882,53426570.0,107813.51,107958.28,107739.516,107902.664,156.40625,16916440.0,107776.41,107789.59,107670.875,107730.78,64.58038,6773336.0,108078.055,108376.48,108040.08,108326.65,345.8316,36493030.0
2025-10-19 15:00:00,108305.02,108413.266,107459.5,107765.67,1496.354,159884880.0,107849.88,108018.02,107696.49,107922.04,293.02155,30656256.0,108456.914,109293.06,108291.41,109014.72,1435.9265,154883520.0,107909.44,108243.33,107925.945,108242.93,298.62787,31238728.0,107702.16,108084.42,107574.54,107959.62,478.20428,50928990.0,107870.945,107836.55,107374.055,107430.766,258.44006,27682120.0,108200.555,108603.26,107886.81,108468.16,299.422,31596944.0,108414.1,108802.98,108152.27,108584.71,689.9389,72840980.0,107341.2,107953.89,107087.93,107886.72,362.68268,37449150.0,108023.84,108707.984,108031.38,108496.46,1050.552,113070120.0,108483.19,108684.1,108404.65,108586.945,300.26,31824024.0,107873.984,108033.3,107701.86,107933.055,309.52722,32329096.0,107900.86,107977.97,107604.94,107787.24,448.20026,47249068.0,107865.96,107996.945,107752.65,107918.21,169.78198,18374824.0,108180.49,108251.14,107953.055,108087.07,325.43524,34159290.0,107500.39,107683.02,107126.375,107439.95,861.80347,90576300.0,107587.06,107840.86,107304.25,107649.68,743.7645,78506320.0,107827.32,108197.59,107685.97,108056.0,583.6853,62025056.0,107652.69,107809.484,107611.93,107794.57,98.14197,10907944.0,108209.44,108615.86,108070.18,108290.35,812.22534,88026810.0
2025-10-19 16:00:00,107647.266,108251.12,107381.82,107936.78,406.44653,38068330.0,107862.97,107993.21,107769.055,107926.19,164.75238,17970144.0,108949.7,109128.766,107923.05,108431.23,1717.9906,184249300.0,108143.99,108540.586,108034.414,108217.72,796.5731,86419210.0,107950.41,108213.07,107736.35,108029.2,501.4903,53465404.0,107458.4,107680.08,107418.58,107666.08,178.27234,19303128.0,108714.86,109655.85,108339.0,109079.586,835.4007,91185100.0,108626.1,108663.36,108369.72,108466.766,422.43176,45267200.0,108015.23,108600.73,107617.53,108150.914,1240.5314,134704860.0,108574.77,108788.28,107371.89,107939.25,1532.781,165688700.0,108541.24,108695.55,108445.336,108633.38,210.42615,21828928.0,107865.695,107878.86,107407.93,107572.83,516.19635,54059630.0,107745.73,108030.41,107326.16,107709.57,1123.3977,119708220.0,107870.21,108034.625,107698.64,107934.33,289.7171,30209888.0,108019.22,108019.71,107538.66,107683.53,523.3062,54938124.0,107391.14,107802.86,107217.48,107641.92,817.6598,86278130.0,107341.08,107631.69,106693.62,107505.43,1222.0397,132523440.0,107913.82,108343.26,107834.61,108072.14,844.37445,91263350.0,107703.52,107885.59,107601.28,107822.305,255.90161,26762664.0,108290.36,108881.25,108222.19,108658.625,1078.3143,116212380.0
2025-10-19 17:00:00,107895.82,107971.29,107606.14,107779.305,299.12793,31531128.0,107922.89,107949.086,107791.57,107865.02,69.640686,7519992.0,108465.26,108745.67,107941.414,108369.45,652.25696,70406930.0,108187.875,108538.36,108041.96,108237.43,882.9431,95921784.0,108064.05,108286.164,107825.766,108084.266,503.17853,53799496.0,107709.67,107841.66,107641.195,107798.516,146.75598,16088600.0,109280.32,109332.1,108695.69,108794.96,411.03906,46471190.0,108617.11,108823.42,108273.734,108469.13,400.66754,44844296.0,108140.1,108201.055,107793.64,107914.086,336.45782,35337424.0,107813.85,108005.95,107445.22,107702.05,613.3116,64379640.0,108664.25,108711.34,108447.23,108542.76,163.28479,18172120.0,107445.516,108099.25,107285.16,108050.76,812.1535,85845660.0,107727.84,108030.08,107699.836,107937.0,264.22357,27878624.0,107975.5,108087.35,107855.055,108003.96,157.35754,17192592.0,107729.44,107936.76,107658.49,107872.08,213.45648,23151256.0,107628.12,107867.734,107346.82,107611.94,642.3976,67652420.0,107707.94,107843.42,107251.39,107460.75,597.77747,64761360.0,108134.55,108193.164,107855.63,108021.09,420.94745,44560776.0,107811.484,108077.695,107611.125,107984.22,178.48395,15442736.0,108599.47,108810.98,108203.83,108332.805,955.2828,103797680.0
2025-10-19 18:00:00,107923.445,107915.484,107727.805,107799.55,126.304565,12708880.0,107916.23,108034.21,107849.92,107998.945,85.33862,9700664.0,108603.71,108743.336,108102.83,108302.125,540.60046,58853324.0,108362.6,108550.99,108238.164,108452.16,403.84808,43108544.0,108117.06,108226.06,107972.56,108122.305,214.21075,23180528.0,107818.16,107830.64,107703.78,107756.61,51.502747,5711976.0,109151.45,109442.11,108733.875,108937.586,272.2185,31194560.0,108583.67,108589.75,108398.33,108446.73,124.40662,13241800.0,107994.22,108090.32,107796.69,107958.84,234.26996,24652288.0,107801.35,107963.15,107620.734,107814.016,316.7401,32895544.0,108536.04,108607.7,108405.08,108512.0,124.536865,13977152.0,108087.76,108105.234,107723.95,107841.16,426.73914,45362200.0,108031.96,108082.82,107814.02,107927.94,225.42194,23774488.0,108033.21,108125.71,107932.664,108062.055,121.73047,13451352.0,107934.25,108056.41,107839.2,107994.34,162.53595,17700376.0,107674.3,108039.484,107493.65,107832.945,810.353,86409980.0,107640.77,107670.86,107380.69,107464.02,212.29437,21875848.0,108067.164,108209.73,107869.78,108069.82,344.08307,36197400.0,107980.02,108004.58,107481.79,107631.38,422.4911,44581384.0,108418.49,108499.016,108075.195,108239.47,485.1123,51544384.0
2025-10-19 19:00:00,107809.63,107828.29,107700.586,107779.76,56.01941,5525216.0,107932.86,107936.805,107840.02,107884.336,16.851685,1979288.0,108506.266,108631.25,108142.03,108340.04,427.1117,45442110.0,108490.33,108626.24,108407.61,108590.02,234.21472,24001176.0,108111.66,108120.93,107975.2,108038.266,77.760254,8219160.0,107680.086,107917.84,107610.9,107872.336,209.7168,21871208.0,108930.734,109275.62,108731.74,109034.35,142.4386,10666696.0,108400.53,108501.11,108296.36,108432.66,116.34497,12871416.0,107911.76,108101.36,107704.75,107970.13,309.3805,32179832.0,107837.05,108200.72,107586.93,108031.19,667.3141,70891120.0,108434.42,108451.625,108317.13,108376.17,47.918945,5381288.0,107936.1,108031.91,107761.695,107895.91,221.2818,23820216.0,107914.25,108013.21,107797.41,107944.94,165.19751,17509096.0,107959.87,107895.94,107508.47,107546.41,163.8515,17673944.0,107980.63,108002.9,107849.086,107917.77,62.69861,6644800.0,107882.97,108201.555,107666.84,108004.02,752.0287,80335260.0,107463.09,107513.09,107312.04,107404.125,94.08411,9126656.0,108035.86,108102.01,107886.44,107986.74,91.63263,9482712.0,107658.22,107880.8,107570.086,107837.34,276.22278,29019440.0,108256.83,108668.766,107941.336,108480.89,375.47803,39988070.0
2025-10-19 20:00:00,107788.836,107936.4,107735.18,107923.94,98.32367,10744664.0,107833.26,107965.72,107799.95,107946.62,55.605957,6655336.0,108236.41,108260.44,107714.92,107867.26,570.23694,59771516.0,108589.16,108636.125,108282.22,108414.805,286.50775,30250248.0,107956.7,107939.05,107492.57,107576.734,303.4215,31771176.0,107834.914,107954.59,107756.664,107899.79,101.401306,11453792.0,109184.2,109295.79,109080.25,109223.734,67.20984,7278712.0,108315.68,108457.49,108159.95,108327.04,234.85498,24618984.0,107869.29,107916.85,107727.03,107805.055,88.73895,9233376.0,107977.63,108097.42,107475.44,107729.83,829.9764,87599890.0,108326.14,108428.734,108250.79,108381.62,69.634155,8250200.0,107885.914,107999.79,107760.31,107926.93,167.18146,18006296.0,107827.734,108030.18,107696.95,107933.74,271.16077,28244736.0,107514.22,107530.08,107208.33,107302.24,161.05688,17208992.0,107880.29,108009.266,107811.43,107977.305,89.221436,10105664.0,107893.336,108034.59,107634.33,107832.32,450.6493,46955348.0,107401.57,107452.84,107287.46,107379.81,43.841553,4012064.0,107948.14,108002.52,107807.2,107919.44,39.272583,3840864.0,107842.9,108001.44,107722.62,107945.31,270.13684,28052520.0,108567.29,108581.91,108150.1,108302.3,345.8338,36454320.0
2025-10-19 21:00:00,107896.23,107993.25,107822.97,107949.13,111.354675,12177288.0,107888.836,107998.06,107846.98,107963.11,64.29486,7626624.0,108021.85,108613.125,107876.57,108423.29,235.29486,20850776.0,108376.984,108487.06,108239.48,108389.55,155.77051,17129864.0,107510.9,107567.64,107222.09,107363.39,331.67242,34766520.0,107867.625,107975.43,107796.086,107928.66,92.79773,10589360.0,109259.484,109340.62,109088.14,109128.89,214.4212,23082056.0,108276.57,108407.67,108127.14,108289.05,264.7602,27819912.0,107773.84,107933.37,107684.25,107895.336,117.239746,12754432.0,107701.016,107761.41,107215.5,107404.77,660.38086,69016100.0,108343.32,108427.37,108269.08,108372.67,73.75342,8724984.0,107908.28,107945.44,107754.555,107848.72,72.03552,7703272.0,107876.74,107922.73,107727.47,107829.86,83.49408,8871256.0,107305.94,107617.95,107265.875,107642.25,246.57336,25419576.0,107901.1,108073.01,107792.29,107999.0,224.72894,23308336.0,107877.5,108010.33,107847.31,107975.2,93.37042,9502000.0,107275.59,107344.65,106943.45,107092.984,287.3994,29535648.0,107912.664,108039.805,107832.5,108016.68,74.12561,8322968.0,107921.51,108035.77,107817.29,107971.91,132.82227,14638256.0,108406.266,108549.77,108151.15,108364.14,323.79047,33971976.0
2025-10-19 22:00:00,107916.29,108013.22,107843.41,107963.32,115.2337,12686184.0,107914.47,107914.14,107826.58,107873.85,9.619751,1542312.0,108585.73,108654.36,108430.82,108517.85,149.46918,15941392.0,108359.39,108457.13,108238.055,108386.09,132.76392,14660904.0,107394.38,107653.74,107384.96,107633.99,161.0863,17755896.0,107899.53,108006.35,107836.664,107966.414,84.68268,9843568.0,109247.74,109521.49,109032.06,109315.234,109.06531,8035224.0,108308.48,108438.58,108131.836,108309.14,277.16583,29112480.0,107903.75,108015.766,107808.39,107964.22,115.171814,12686800.0,107382.2,107729.08,107235.195,107609.36,456.06445,47521516.0,108364.83,108443.07,108292.445,108384.414,75.21332,8963424.0,107817.04,108043.96,107685.74,107966.72,233.30109,24077032.0,107753.81,107756.14,107317.38,107436.54,311.93298,32527248.0,107701.08,107832.875,107604.44,107773.664,123.47156,13745048.0,107995.18,108027.26,107855.27,107942.875,53.741394,6309720.0,108191.0,108608.61,107816.586,108255.53,229.71344,24805248.0,107081.984,107203.64,107029.51,107140.805,69.14545,7307880.0,107997.19,108090.11,107920.41,108046.18,87.17212,9766352.0,107961.79,108063.76,107867.945,108016.34,108.540955,12178328.0,108433.9,108788.49,108314.52,108702.67,453.388,47868708.0
2025-10-19 23:00:00,107945.83,108047.64,107885.52,108002.4,102.52777,11500336.0,107870.97,108006.63,107840.03,107986.75,42.808716,5492032.0,108624.09,108587.83,108354.055,108384.17,93.374146,9517016.0,108383.914,108468.2,108274.78,108405.49,113.84088,12714112.0,107664.27,107811.94,107584.055,107771.95,139.4029,15305304.0,107888.47,107909.125,107807.914,107881.29,18.728699,2656800.0,109339.18,109333.42,109048.91,109088.35,100.11676,11325568.0,108353.98,108471.055,108224.43,108378.77,140.85364,15566192.0,107995.87,108090.195,107904.4,108030.7,107.2077,11953360.0,107656.48,107836.84,107519.7,107736.79,264.2069,27804456.0,108382.59,108461.99,108321.23,108409.305,67.88513,8268168.0,107939.74,108100.125,107797.74,108011.555,260.27466,26973864.0,107431.31,107581.05,107399.86,107533.93,63.833496,7088968.0,107789.836,107905.69,107710.74,107858.26,101.52063,11532704.0,107903.734,108107.12,107792.16,108046.04,213.99884,22171696.0,108144.42,108374.38,107883.78,108171.83,416.97614,44256800.0,107181.195,107267.84,107086.42,107199.375,39.978638,3990960.0,108000.33,108011.766,107894.93,107952.195,26.945374,3029672.0,107983.47,108011.63,107879.555,107957.96,29.038208,3464512.0,108786.36,109032.31,108710.195,109010.27,219.60706,23417592.0
2025-10-20 00:00:00,107973.805,107960.195,107890.625,107921.664,24.117493,3099648.0,107937.8,108057.61,107921.97,108039.12,35.523315,4745896.0,108359.18,108379.9,108226.31,108283.71,39.950623,3874424.0,108335.07,108360.625,108225.86,108310.58,46.71173,5258008.0,107756.12,107951.21,107620.03,107895.45,245.39648,25166040.0,107820.41,108045.83,107773.43,108009.38,176.20905,18216544.0,109128.62,109170.77,108966.55,109046.22,82.541565,9436872.0,108419.93,108725.04,108430.9,108694.2,231.54572,24104056.0,108018.4,108115.766,107947.79,108067.52,91.206604,10305608.0,107721.74,107953.02,107514.234,107830.26,342.04944,35195264.0,108375.81,108459.49,108332.73,108419.695,55.46924,6956720.0,108008.39,108156.664,107849.47,108056.97,263.49884,27271312.0,107565.54,107840.9,107461.26,107809.914,233.57758,23974904.0,107797.86,107981.086,107714.81,107925.664,208.08838,21364544.0,108059.3,108317.34,107919.53,108189.375,350.07043,37014960.0,108267.914,108479.62,108202.555,108450.52,209.06458,21211856.0,107300.44,107489.72,107257.19,107460.66,79.60443,8718976.0,107894.4,107927.72,107813.25,107900.984,-3.692505,-159720.0,107915.53,108129.21,107822.516,108078.75,185.276,19065760.0,109067.84,109035.99,108737.77,108796.945,177.62195,19290504.0
2025-10-20 01:00:00,107890.77,108021.35,107877.336,108015.336,48.65039,5901776.0,107929.99,108103.38,107892.81,108064.13,163.58154,16745600.0,108249.69,108447.19,108094.61,108350.32,202.54608,20996632.0,108236.23,108420.89,108121.516,108328.59,188.41382,19566912.0,107885.12,108045.54,107760.055,107988.375,246.53027,25366216.0,107938.375,107907.39,107560.8,107621.24,249.98364,26198912.0,108979.92,109144.08,108746.1,108963.414,305.04547,32844768.0,108665.195,108711.33,108514.414,108590.65,105.24194,11865024.0,108009.266,108378.46,107905.664,108221.35,515.70105,54615680.0,107758.13,107743.98,107298.69,107397.88,250.2044,26160608.0,108348.83,108437.03,108322.94,108410.35,44.614197,5733344.0,108040.53,107988.44,107573.12,107658.58,308.7032,32373816.0,107774.23,107814.02,107632.13,107719.016,41.741028,4410864.0,107902.67,107918.53,107507.61,107651.79,394.73395,41050320.0,108164.76,108274.234,107991.95,108166.01,256.79578,26579328.0,108514.805,108565.26,108315.69,108413.41,154.01154,17041624.0,107425.19,107441.445,107341.086,107375.2,7.3754883,663376.0,107868.76,108017.82,107851.56,108015.15,26.199158,3398496.0,108029.86,108147.94,107954.95,108101.09,73.365845,8525744.0,108736.945,108841.13,108482.09,108649.52,254.89484,26831632.0
2025-10-20 02:00:00,107977.78,108282.6,107895.2,108159.664,290.31378,30650760.0,108010.97,108022.59,107924.28,108006.234,-5.0618896,142816.0,108295.26,108409.32,108212.51,108338.4,103.67108,11215128.0,108343.06,108566.56,108186.375,108428.45,333.3645,35227376.0,107993.47,108234.54,107837.97,108106.375,373.3363,39378530.0,107530.68,107581.8,107040.84,107323.2,641.8436,67377784.0,108935.17,109007.086,108710.29,108845.94,227.77783,24078592.0,108533.91,108603.25,108435.88,108542.59,83.071655,9332464.0,108200.54,108389.8,107991.75,108202.77,410.12146,43445730.0,107363.18,107436.664,106825.36,107157.03,721.23193,75157550.0,108344.24,108430.516,108323.055,108410.56,35.87152,4781776.0,107623.17,108340.56,107632.34,108257.19,833.0029,88554630.0,107675.766,107719.414,107568.04,107661.125,6.6176147,540256.0,107598.26,107834.445,107519.63,107808.625,261.14612,26810216.0,108163.14,108264.5,108062.13,108202.75,109.51166,12200208.0,108316.92,108461.5,108123.64,108315.914,256.72125,26730208.0,107381.41,107553.63,107392.03,107547.3,42.279846,4891552.0,107906.33,108069.5,107856.04,108039.02,162.93268,16528696.0,108010.8,108168.53,107908.48,108110.42,190.9403,19414888.0,108618.53,108741.07,108517.49,108656.37,129.74158,14122008.0
2025-10-20 03:00:00,108088.21,108196.74,107955.85,108106.84,244.64734,25451064.0,107937.46,108075.34,107910.195,108073.85,23.95227,3378248.0,108392.43,108594.33,108430.23,108588.19,49.255676,5314104.0,108383.07,108480.89,108190.375,108354.49,251.61237,26148408.0,108042.13,108173.516,107850.164,108076.945,279.6419,28778808.0,107140.11,107248.39,106547.3,106815.516,1058.1825,112303450.0,108822.62,108919.54,108629.51,108782.33,226.62988,23837552.0,108444.83,108729.37,108274.63,108561.18,505.8109,53608156.0,108170.33,108287.54,107975.914,108164.61,298.60217,30953736.0,107150.39,107298.28,107095.234,107226.734,147.91357,15206864.0,108287.98,108283.4,108238.64,108296.81,-4.767029,301040.0,108117.9,108172.805,107817.35,107988.02,370.9751,38647016.0,107594.086,107640.414,107508.516,107606.266,-15.4748535,-1813160.0,107794.11,107970.12,107665.695,107925.03,255.90253,26115528.0,108154.586,108245.32,108078.19,108211.74,82.11151,9378776.0,108231.47,108353.85,108128.96,108281.164,132.89929,14600312.0,107484.32,107963.48,107474.96,107838.57,503.01633,52861550.0,108023.625,108126.164,107966.3,108088.35,55.01367,6475648.0,108042.516,108081.805,107935.67,108032.086,16.996216,2323864.0,108617.48,108703.16,108505.18,108628.95,110.450195,12031832.0
2025-10-20 04:00:00,108078.83,108090.24,107955.266,108038.37,38.58313,4664032.0,107995.555,108155.73,107931.19,108115.53,158.58374,16197096.0,108605.25,108624.56,108455.125,108494.695,75.44049,8652024.0,108354.945,108476.08,108180.375,108361.93,249.36877,25956680.0,108024.375,108180.82,107857.1,108097.64,272.977,28204776.0,106804.305,107366.664,106707.78,107259.164,572.7132,59166016.0,108780.95,108888.21,108585.07,108752.92,231.05133,24293936.0,108548.445,108632.33,108379.84,108510.85,145.6463,16043512.0,108140.19,108295.484,107981.6,108194.66,280.53534,29114496.0,107261.28,107479.51,107189.625,107436.484,175.36975,18426128.0,108225.39,108392.3,108155.65,108327.336,153.94946,16014760.0,108030.305,108480.53,107992.53,108431.484,615.5835,64607020.0,107491.5,107475.086,107144.664,107233.26,93.91919,10279200.0,107909.32,108061.93,107752.06,107997.97,254.70288,26070984.0,108190.664,108272.6,108119.086,108237.484,68.505615,8142312.0,108248.75,108348.38,108145.914,108285.266,110.26288,12315704.0,107875.3,108104.63,107904.88,108098.2,286.1897,29711816.0,108056.79,108151.48,108005.63,108117.08,50.90338,6168152.0,108031.42,108150.51,107963.75,108124.26,43.41101,5512056.0,108580.96,108591.73,108448.18,108513.875,51.817932,5405784.0
2025-10-20 05:00:00,108019.11,108206.625,107905.41,108135.18,201.37775,20885896.0,108143.15,108251.87,108046.84,108197.445,181.92188,18888888.0,108444.4,108380.07,107922.23,107928.96,277.6928,29576176.0,108439.9,108711.875,108430.76,108690.88,240.1596,24946912.0,108074.53,108231.58,107903.83,108138.74,266.03558,27581080.0,107252.88,107502.94,106925.84,107237.82,819.4558,85551400.0,108787.664,108888.82,108572.27,108740.84,232.86438,24521920.0,108521.25,108598.805,108392.7,108521.016,109.709595,12269568.0,108212.18,108324.69,108094.93,108256.836,133.73932,14899424.0,107462.27,107606.414,107376.19,107550.42,148.7091,15943248.0,108410.28,109121.15,108503.47,108985.836,806.6202,86720536.0,108389.2,108462.164,108031.266,108159.19,518.02496,55515812.0,107214.94,107292.14,106959.86,107118.664,244.09247,25270176.0,108014.72,108157.945,107842.73,108073.336,249.57709,25698072.0,108209.57,108217.36,108103.7,108167.58,10.066772,1759976.0,108259.01,108406.73,108104.83,108281.36,221.63171,23126248.0,108154.51,108171.15,107951.39,108022.57,273.89685,28655144.0,108083.125,108211.03,107996.414,108139.695,177.07489,18324816.0,108091.766,108228.79,107987.5,108160.09,170.05914,17506088.0,108548.89,108626.586,108445.125,108564.47,72.33301,8301288.0
2025-10-20 06:00:00,108132.31,108275.125,108016.2,108201.64,205.43024,21375600.0,108165.61,108718.195,108139.62,108590.61,759.4373,80967280.0,107996.9,108362.28,107912.83,108282.484,341.06305,36089110.0,108660.96,109057.4,108489.19,108794.6,807.02386,86853780.0,108132.35,108289.5,107958.85,108187.38,252.49615,26208232.0,107196.44,107445.94,107017.234,107309.21,437.73712,45255470.0,108768.54,109360.68,108827.54,109374.15,463.0816,49884704.0,108502.93,108580.984,108414.86,108536.65,72.273926,8425416.0,108316.66,108540.35,108300.016,108526.83,129.0755,12765024.0,107571.15,107700.414,107504.93,107650.914,119.438416,13147656.0,108960.69,108872.83,108532.625,108555.32,305.61768,32613368.0,108268.836,108364.734,108055.375,108220.19,217.59894,23423656.0,107238.1,107684.72,107196.47,107619.516,341.27527,35428670.0,108088.22,108237.055,107916.32,108141.48,238.75616,24648816.0,108140.61,108250.125,108088.016,108227.64,25.953796,3924616.0,108259.08,108216.016,107803.01,107856.94,290.05646,30827824.0,108073.734,108169.22,107961.42,108097.414,109.94641,12401816.0,108173.91,108292.33,108071.91,108221.92,187.94409,19592768.0,108187.45,108280.45,108105.62,108231.96,51.077637,6546464.0,108531.516,108637.02,108375.86,108502.8,190.61853,20034160.0
2025-10-20 07:00:00,108174.46,108308.77,108046.42,108232.91,208.36005,21659064.0,108514.55,108600.96,108185.47,108376.35,442.78156,47506744.0,108222.99,108540.75,108088.016,108417.75,584.18054,62694364.0,108722.34,108880.84,108308.66,108720.64,376.91132,38919450.0,108184.75,108338.54,108003.29,108228.75,245.38452,25481872.0,107332.84,107576.17,107161.46,107482.8,367.10406,37817944.0,109412.89,109437.26,109101.64,109240.086,368.22205,39522570.0,108463.67,108760.09,108305.51,108579.836,495.98337,52600780.0,108585.42,108624.38,108424.86,108508.625,83.749084,10037528.0,107665.67,107995.64,107564.24,107855.516,344.84137,36383130.0,108514.766,108502.695,107628.95,107865.305,752.48553,79659240.0,108191.68,108497.05,107963.516,108325.16,590.1489,62717576.0,107644.73,107922.61,107488.78,107756.6,383.74237,40364736.0,108148.414,108363.92,107960.53,108220.01,375.45392,39871656.0,108171.164,108275.42,108122.836,108241.01,30.901733,4413232.0,107829.97,108190.2,107542.74,108023.27,924.6084,98329250.0,108079.56,108184.18,108004.72,108139.95,73.23999,8594920.0,108169.45,108719.805,108138.055,108592.28,764.26056,81451930.0,108172.25,108273.99,108106.01,108237.34,38.36255,5127152.0,108533.25,108634.96,108376.36,108509.766,210.07373,22200440.0
2025-10-20 08:00:00,108212.336,108346.22,108065.61,108261.74,214.75739,22259768.0,108249.7,108648.43,108158.39,108373.47,772.3501,83869270.0,108430.5,108902.78,108253.53,108687.71,646.9912,67709380.0,108824.57,109097.2,108520.29,108876.49,172.51593,14651528.0,108218.58,108371.48,108029.78,108258.875,245.22412,25425944.0,107486.62,107712.85,107310.305,107626.58,328.45197,33768080.0,109117.27,109381.1,108876.195,109016.695,771.9843,85353020.0,108547.71,108637.16,108393.47,108523.49,125.48035,14006216.0,108411.9,108500.086,108322.91,108445.086,70.958984,8567016.0,107879.766,108140.46,107713.62,107958.53,399.2727,42296290.0,107768.4,108027.74,107747.09,107984.92,181.73083,19260712.0,108271.29,108403.13,108017.83,108206.4,343.5376,35763576.0,107801.25,108040.22,107614.29,107854.19,405.4275,42970424.0,108210.664,108411.234,107983.53,108230.31,410.67224,43726520.0,108147.766,108298.5,108064.79,108229.67,163.46527,16903504.0,107958.625,108127.086,107726.14,107959.69,384.48303,40528710.0,108044.65,108063.41,107640.17,107763.914,369.8235,38829824.0,108459.94,108819.04,108250.54,108578.625,900.072,96181200.0,108155.305,108308.39,108060.85,108239.35,159.4372,16401664.0,108520.79,108634.01,108405.55,108545.69,94.95856,10835584.0
2025-10-20 09:00:00,108302.27,108532.19,108262.19,108528.73,124.79187,12384896.0,108432.805,108711.45,108408.5,108735.664,214.95966,22878368.0,108702.555,109094.164,108651.75,109045.195,442.84003,47628580.0,108991.5,109077.23,108752.62,108904.49,239.24945,25359168.0,107919.914,108638.6,107488.65,108455.37,783.9946,80517070.0,107548.91,107580.34,106887.04,107168.664,747.73285,78466110.0,108975.266,109127.72,108796.28,109101.25,423.4093,45367104.0,108499.35,108586.35,108383.65,108518.01,98.6355,11042944.0,108328.26,108439.68,108264.46,108407.56,65.17688,7922552.0,108012.48,108249.52,107974.17,108203.79,192.6817,19279640.0,107967.57,108362.33,107831.766,108232.41,581.6836,61298468.0,108186.28,108320.266,107743.36,108025.36,711.3605,74710100.0,107845.5,108394.54,107774.11,108205.445,862.19934,92161070.0,108228.586,108351.97,108062.68,108250.44,154.22125,17002000.0,108228.52,108354.87,108122.69,108286.336,185.25903,19256848.0,107902.48,107928.55,107142.61,107414.94,813.6464,85591940.0,107701.22,107951.17,107628.37,107910.5,250.46631,26008168.0,108479.35,108415.49,107732.8,107869.94,614.63074,65159396.0,108230.695,108359.86,108117.6,108291.71,179.13013,18555632.0,108492.44,108614.13,108324.23,108499.22,195.8153,20224824.0
2025-10-20 10:00:00,108654.266,109115.266,108484.59,108913.695,496.79205,51787416.0,108725.92,108890.06,108521.18,108494.625,584.21173,62194012.0,109197.38,109463.86,109046.34,109277.945,444.07404,48428296.0,109079.85,109365.46,108828.96,109146.31,121.50098,9074208.0,108280.1,109358.06,108174.88,109127.02,1040.365,111321496.0,107107.18,107586.54,106989.02,107471.37,526.53845,55228510.0,109114.41,109307.39,108997.664,109197.914,307.1031,33285336.0,108422.1,108568.67,108274.08,108449.34,208.06451,21491672.0,108330.71,108440.1,108260.28,108399.56,60.81378,7555072.0,108190.01,108582.05,107960.3,108273.14,128.66406,9042248.0,108162.53,108269.58,107928.12,108110.3,322.66058,33429368.0,107940.18,107984.63,107453.92,107650.31,579.8856,60555536.0,108097.98,108149.22,107855.01,107986.3,226.47607,24297472.0,108178.234,108351.984,107990.2,108236.28,246.07318,25375832.0,108293.68,108520.516,108141.69,108391.87,328.49213,34886050.0,107285.09,107394.64,106935.98,107155.35,460.30292,47948196.0,107905.336,108084.32,107773.84,108017.49,256.37518,26447864.0,107739.125,108011.97,107593.17,107902.664,374.63123,39272750.0,108251.49,108386.305,108117.84,108312.555,191.91309,19881712.0,108442.64,108387.25,107964.53,108037.125,268.81726,28462280.0
2025-10-20 11:00:00,108988.17,109096.445,108858.69,109064.24,159.6416,17241320.0,108458.99,108590.63,108254.18,108478.875,299.18286,32533736.0,109232.21,109321.43,108736.695,109102.766,356.45782,38024790.0,109276.59,109480.63,108966.95,109204.07,101.48547,6929680.0,109237.26,109384.59,108936.85,109103.766,438.26465,48361744.0,107446.086,107679.89,107239.64,107557.97,380.28107,39346210.0,109177.77,109443.12,108988.7,109277.37,544.7803,58059416.0,108420.56,108414.5,107939.76,108087.21,410.67035,43057450.0,108325.24,108471.53,108190.39,108366.69,187.758,19608896.0,108248.34,108441.555,107948.7,108182.875,370.32288,40134030.0,108095.52,108065.96,107591.45,107710.92,351.96783,36945050.0,107635.51,108106.555,107488.695,107992.78,694.64954,73499230.0,107926.14,108018.41,107781.05,107943.914,161.919,17391976.0,108212.35,108381.87,108034.695,108270.41,247.59778,25710840.0,108382.37,108495.93,108237.98,108406.32,101.89905,11826776.0,107153.83,107272.39,106838.82,107080.016,408.2271,42512136.0,108025.03,108180.48,107848.82,108089.04,259.0019,26735184.0,107875.44,107936.74,107423.88,107635.72,526.1469,54942524.0,108297.2,108431.664,108137.984,108343.14,202.1466,20959848.0,108203.7,108680.06,107952.336,108591.63,234.57495,23947048.0
2025-10-20 12:00:00,109425.89,110224.37,109037.336,109571.79,766.4571,84806940.0,108500.16,108994.41,108315.586,108790.016,598.3264,62300600.0,109121.59,109264.086,108933.87,109103.79,289.72632,31073464.0,109332.03,109566.9,108994.02,109250.55,480.25156,51233520.0,109173.164,109118.88,108630.82,108745.62,358.27338,37812070.0,107517.73,107529.47,107039.445,107173.82,273.373,28854192.0,109239.01,109575.484,108988.5,109327.49,589.14624,62295450.0,108057.35,108296.52,107939.41,108225.38,260.10754,27219640.0,108320.836,108287.79,107872.25,107944.59,258.62836,27440880.0,108284.984,108431.875,107819.76,108050.836,676.7633,71927250.0,107694.07,107758.34,107345.76,107527.266,330.672,34755560.0,108035.06,108349.945,107929.89,108247.48,398.50262,41299170.0,107802.67,107797.32,107352.945,107442.65,306.48743,31964304.0,108261.02,108422.65,108074.34,108305.414,243.1018,25268440.0,108340.9,108481.81,108180.5,108378.27,199.2721,20669800.0,107046.125,107408.1,106819.04,107311.37,723.28625,75416480.0,108141.22,108864.31,108170.484,108725.26,888.7001,95327700.0,107576.0,107895.11,107444.484,107817.81,338.02094,35263416.0,108360.81,108637.69,108180.56,108491.69,522.6371,55313144.0,108687.26,108834.85,108257.37,108519.76,561.32983,59993136.0
2025-10-20 13:00:00,109693.25,109840.445,108988.99,109212.64,930.61255,101527540.0,108494.96,109005.9,107881.984,108693.055,861.0154,90049310.0,108897.75,109256.82,108523.59,109032.57,727.3723,77404500.0,109252.92,109366.86,108514.96,108838.55,1016.01544,109840320.0,108691.25,108886.97,107895.03,108319.81,1295.6213,138622990.0,107172.96,107632.64,106562.92,107059.92,1678.4506,176669010.0,109441.414,109554.69,109029.945,109256.7,618.4219,66314936.0,108289.805,108529.586,108115.95,108392.01,377.17957,40119050.0,107869.72,108112.375,107625.53,107972.17,605.0592,63428724.0,108084.04,108515.83,107807.1,108284.31,1041.7301,111403990.0,107334.85,108112.73,107209.164,108119.71,746.723,78227550.0,108321.76,108573.875,108125.125,108253.81,488.02997,51155040.0,107297.05,107402.38,106673.016,106977.54,980.06976,104396216.0,108419.05,109060.586,106149.29,107629.04,2241.7747,238924830.0,108422.15,108720.69,108460.46,108717.17,196.14624,20333144.0,107283.75,107728.77,107117.78,107583.54,727.0737,76282360.0,108712.8,108790.73,107704.32,107991.375,1382.0126,147604380.0,107825.766,108011.92,107466.4,107786.766,690.73315,72405710.0,108538.43,108648.99,107940.09,108050.93,1297.2555,136445000.0,108651.1,109124.62,108548.53,109032.75,797.7885,85597980.0
2025-10-20 14:00:00,109191.836,109478.63,108741.99,109065.42,989.55774,107158640.0,108808.58,109422.17,108123.414,109171.93,1347.6956,145660510.0,108918.61,108946.98,107716.19,107907.875,1162.8551,126208320.0,108902.85,109249.25,108528.24,108996.87,378.37146,41272736.0,108173.38,108252.36,107083.83,107218.16,1666.4993,177480220.0,107070.98,107722.234,106809.43,107430.07,1326.0297,139535740.0,109168.88,110308.914,109001.336,109937.54,2143.3018,230626000.0,108250.31,110387.51,108005.5,110189.875,2585.8657,282008350.0,107853.99,108361.95,107841.17,108203.37,790.95624,85456010.0,107715.0,108941.484,107394.625,108460.68,1551.4539,163739660.0,108006.4,107957.62,107048.836,107274.42,845.7369,89981700.0,108247.78,108711.03,108016.13,108427.5,934.5733,100617610.0,106897.836,107589.36,106850.305,107526.08,743.4494,77742960.0,107222.52,108342.27,106319.9,107831.766,1804.0635,191579460.0,108524.55,108567.72,107508.03,107742.42,952.8191,102775100.0,107586.47,107796.88,107083.84,107335.85,910.08966,94119730.0,108008.0,108342.43,107890.12,108218.54,461.65552,48619104.0,107722.93,108308.625,107623.31,108130.54,957.01276,101584370.0,108121.39,108233.625,106271.336,107025.89,2198.6055,231588480.0,109074.81,109594.24,108745.17,109106.055,1204.7336,130868780.0
2025-10-20 15:00:00,108975.22,109104.52,108493.88,108786.42,775.6167,83568830.0,109096.98,109588.45,108477.48,109221.54,1162.8536,123821304.0,107914.97,108627.2,107853.67,108563.57,775.1344,81891180.0,109117.63,109367.0,108664.195,109101.02,326.3034,34896570.0,107365.08,107531.72,106704.31,107025.555,1179.9546,123800740.0,107358.47,107626.35,107003.06,107351.016,733.71027,76673140.0,110065.57,110568.45,109781.64,110247.55,1058.3514,115165200.0,110179.97,110639.67,109668.48,109909.55,2249.6045,246614910.0,108092.86,108478.23,107984.305,108236.94,857.77344,92639760.0,108513.984,110046.32,108334.68,109881.7,2367.56,256885620.0,107293.99,108019.64,107238.23,107866.016,1000.57837,105948820.0,108406.484,108599.125,108103.586,108375.625,771.81604,83090020.0,107616.66,108491.45,107651.2,108466.16,887.567,93951384.0,108191.29,108682.65,107643.336,108295.375,774.6788,80887230.0,107508.61,108179.38,107545.64,108066.63,843.6838,90785770.0,107443.336,108193.4,107432.53,108150.586,554.07544,57856620.0,108438.71,108913.805,106198.086,107469.9,2316.977,245268640.0,108045.484,108252.984,107741.53,108028.58,817.9319,87181016.0,106872.69,107127.09,106281.46,106644.36,1255.6444,130950776.0,109195.07,109310.055,108578.02,108808.5,470.98303,51986316.0
2025-10-20 16:00:00,108681.555,108870.79,108048.805,108413.51,1179.104,126042180.0,109386.19,109576.375,108863.11,109126.055,648.24445,68379740.0,108382.9,110748.25,107740.5,109994.445,2660.8042,279810880.0,109272.75,109437.58,108841.73,109081.93,619.70715,67140880.0,106907.57,107377.36,106596.27,107178.61,1032.2633,107824370.0,107365.78,107748.72,107138.98,107549.92,816.9733,85917230.0,110202.44,110313.49,109870.55,110082.11,413.62567,45061090.0,110118.82,110395.85,109810.13,110068.09,635.85785,69566830.0,108424.52,108792.16,108196.7,108592.05,534.7886,54638664.0,109893.39,110042.516,109271.01,109442.15,997.37006,108301336.0,107693.375,107935.99,107514.375,107684.22,808.25104,84805336.0,108323.12,108475.46,108053.375,108262.77,439.05878,46273736.0,108358.24,108589.15,107902.8,108003.016,940.65186,101141440.0,108317.336,108426.23,107736.72,107901.25,908.8685,96221336.0,108278.66,108730.88,108050.69,108526.555,546.05237,55776924.0,108778.31,109675.89,108501.06,108676.67,1368.9889,147022020.0,107327.68,107783.38,106994.59,107532.89,819.4216,85605410.0,107980.93,108150.15,107699.375,107955.69,447.59564,46979132.0,106742.21,107211.086,106671.375,107085.266,520.9048,53834876.0,108760.02,108723.64,108025.195,108170.38,631.42053,67403020.0
2025-10-20 17:00:00,108324.586,108566.484,108119.055,108301.91,819.97705,86916060.0,109257.81,109506.53,108844.51,109134.81,302.35645,29160456.0,110158.016,110339.59,109430.96,109719.65,1025.4594,111190760.0,109145.22,109298.84,108800.54,109034.266,465.69617,50448540.0,107326.71,108141.8,107063.62,107891.03,685.1024,69830310.0,107515.695,107783.74,107252.79,107552.47,625.3582,65858776.0,110105.46,110206.836,109887.23,110117.44,275.75385,29630888.0,110178.84,110334.94,109936.484,110130.03,259.60126,28160672.0,108574.23,108671.92,108231.21,108313.71,694.99176,73670510.0,109583.66,109827.25,109370.94,109654.24,432.16412,46576170.0,107761.27,107909.336,107567.99,107776.945,314.77374,33632720.0,108189.71,108501.08,107946.266,108321.15,669.8634,71254120.0,108071.07,108623.06,108060.31,108565.586,716.9211,76393310.0,108106.55,108342.64,107973.17,108283.164,364.8003,37568520.0,108558.25,108838.42,108447.64,108773.44,339.9068,36876976.0,108814.22,108924.17,108194.34,108452.516,919.3536,98477340.0,107609.18,107977.53,107357.98,107652.086,967.1809,101396824.0,107925.19,108082.75,107777.83,107982.72,222.10052,23637528.0,107137.28,107310.445,106945.74,107202.445,283.3318,29384880.0,108062.086,108303.31,108007.45,108237.19,227.27673,24136808.0
2025-10-20 18:00:00,108365.21,108536.12,108194.54,108399.84,317.78247,33866144.0,109298.96,109501.47,109152.734,109442.625,211.87189,22835456.0,109887.84,110652.26,109328.31,110385.805,647.42334,66359144.0,109226.555,109585.234,108993.375,109341.19,184.9718,16022912.0,107930.234,108122.21,107644.49,107930.1,490.07617,51541576.0,107627.805,108371.7,107711.46,108349.92,658.59863,69917680.0,110215.7,110850.83,110171.13,110654.08,419.91846,46977932.0,110210.77,110889.07,110161.46,110654.72,431.48853,48532056.0,108510.19,108711.45,108426.41,108694.09,260.1977,27351464.0,109757.17,109934.77,109540.11,109799.93,308.65033,33155576.0,107779.29,107918.58,107636.445,107832.086,204.34393,21878200.0,108129.89,108193.14,106861.36,107780.19,982.23975,106452930.0,108558.59,108731.8,108152.21,108363.625,799.35376,85689416.0,108306.83,108513.74,107963.17,108260.35,497.84198,53466076.0,108907.47,108911.6,108589.336,108693.055,175.30005,19384512.0,108416.01,108529.766,108161.164,108316.625,321.50592,34415290.0,107709.69,107777.34,106857.34,107176.15,1034.2006,109537570.0,107955.71,108288.27,107755.21,108143.4,595.3423,63116800.0,107230.445,107271.95,107033.46,107159.7,110.06323,10773288.0,108239.52,108426.59,108028.46,108288.41,297.3811,31023104.0
2025-10-20 19:00:00,108435.75,108544.47,108266.92,108443.64,198.99725,21011536.0,109502.57,109460.805,109121.18,109189.44,164.10992,17726128.0,110577.125,110642.73,109957.555,110181.23,448.46796,49276200.0,109394.01,109539.0,109097.7,109244.61,190.04163,21081816.0,108100.3,108738.805,108045.33,108631.3,659.4397,70291140.0,108390.37,108596.49,107939.31,108341.38,413.5611,43793680.0,110630.945,110658.81,110378.24,110491.19,217.11725,23918456.0,110604.45,110892.01,110369.99,110653.42,561.9608,62022084.0,108832.39,109001.164,108464.836,108651.69,299.12463,34445816.0,109827.44,109860.055,109334.29,109519.586,441.42932,47225030.0,107773.04,107818.36,107321.32,107497.87,461.96112,48146292.0,107812.84,108405.01,107611.14,108169.24,1079.718,115689256.0,108387.67,109104.09,108312.375,108762.99,902.1339,96906340.0,108303.24,108431.09,108013.49,108241.67,342.95654,36267904.0,108691.04,108694.164,108509.336,108599.555,55.254333,5896472.0,108252.82,108422.41,107977.76,108236.07,341.55737,35837290.0,107110.586,107547.85,106975.85,107399.39,497.1527,52398990.0,108109.875,108217.414,107910.86,108081.75,207.57837,22142408.0,107276.734,107333.48,107113.74,107253.52,45.433533,4146608.0,108221.18,108707.95,108137.055,108443.0,756.39905,81910100.0
2025-10-20 20:00:00,108437.01,108645.0,108181.484,108473.96,398.68616,42637510.0,109118.086,109202.05,108801.0,108983.586,251.7121,26867240.0,110075.67,110289.47,109658.31,109772.875,303.31396,33932230.0,109267.875,109768.5,109088.82,109318.04,441.0735,49783044.0,108711.68,108821.08,108406.516,108544.25,424.448,44845024.0,108423.75,108658.94,107991.37,108434.97,364.22156,38576910.0,110482.13,110863.12,110286.51,110336.97,359.1142,40760224.0,110788.5,111166.586,110018.87,110875.87,1109.2784,120765930.0,108671.94,108770.195,108515.2,108656.42,136.42578,15681920.0,109411.33,109881.22,109225.37,109330.63,484.60837,53336704.0,107514.66,107732.94,107448.56,107681.44,173.5545,18776696.0,108098.32,108469.65,107394.266,108107.41,1614.1713,171659900.0,108470.91,108710.26,108252.305,108564.414,659.71545,70889720.0,108204.71,108380.9,107976.336,108228.09,323.5157,34106870.0,108651.42,108760.94,108643.33,108779.195,-45.400757,-4925488.0,108174.77,108309.04,108027.734,108200.63,188.81384,20332720.0,107469.195,107657.94,107332.58,107561.18,254.17236,26609648.0,108047.21,108229.89,107846.6,108084.76,292.2478,30302472.0,107342.73,107385.57,107185.664,107317.12,15.786621,1065496.0,108446.44,108564.41,108250.88,108415.9,230.16498,24708704.0
2025-10-20 21:00:00,108483.24,108590.27,108311.586,108474.96,169.05212,18120400.0,108919.555,109047.195,108788.3,108945.375,129.85486,14341464.0,109726.695,109954.66,109543.94,109656.7,163.95648,15474864.0,109472.016,109816.414,109256.06,109543.11,424.23975,43528290.0,108551.04,108756.734,108114.695,108437.42,695.0985,74270020.0,108710.05,109026.49,108145.82,108393.76,302.06543,34519640.0,110396.68,110552.21,110246.625,110478.94,180.21198,19616696.0,110991.54,111407.71,110786.39,111049.02,546.2286,61661500.0,108559.78,108658.05,108449.15,108590.51,98.34192,11463736.0,109355.375,109613.45,109256.72,109559.17,175.72266,19233008.0,107715.26,107770.56,107582.55,107698.32,76.46478,8261912.0,108023.51,108099.11,107503.89,107670.125,639.4863,67116180.0,108693.945,109107.375,108320.44,108677.74,344.18823,38541410.0,108199.414,108343.92,108043.67,108237.69,184.28674,19983040.0,108637.05,108772.445,108401.6,108599.3,152.11005,15888240.0,108185.76,108292.734,108041.24,108208.53,154.13245,16755240.0,107561.13,107807.03,107371.73,107679.54,335.80194,34858896.0,108111.45,108237.11,107972.63,108156.56,152.7237,16616296.0,107267.36,107576.56,107189.7,107552.91,217.15845,22242784.0,108484.6,108567.74,108319.08,108466.95,162.94995,17525816.0
2025-10-20 22:00:00,108473.22,108564.39,108328.9,108483.71,133.58997,14464576.0,108961.61,109040.03,108800.78,108935.375,109.47589,12145160.0,109764.72,110033.48,109496.06,109706.29,148.29529,12357712.0,109672.16,109805.3,109525.13,109754.24,192.64594,21071128.0,108476.54,108922.336,108200.61,108655.89,280.3827,26171784.0,108619.7,108678.766,108205.63,108456.336,306.6172,32304816.0,110602.71,110659.11,110446.86,110569.97,102.16962,11541096.0,111141.11,111537.94,111120.0,111516.53,326.80896,36336880.0,108513.805,108523.85,108416.875,108492.68,28.087097,3626968.0,109631.7,109801.805,109170.59,109379.22,629.9467,68884050.0,107669.49,107932.79,107543.63,107859.37,230.99396,23957256.0,107821.44,107896.9,107505.39,107660.266,244.46698,24402520.0,108560.69,108744.195,108480.3,108678.53,141.35571,15281168.0,108203.43,108229.01,107656.22,107858.33,469.86,49249016.0,108534.695,108661.25,108417.484,108581.04,66.220276,7957152.0,108189.09,108358.97,107996.266,108219.88,255.49237,26747624.0,107686.1,107899.18,107503.52,107780.34,325.69135,33930944.0,108111.586,108298.91,107942.195,108171.74,252.17627,26332088.0,107365.4,107350.55,106941.06,106997.57,101.098206,11345616.0,108434.94,108570.164,108226.766,108422.516,241.87482,25264064.0
2025-10-20 23:00:00,108466.016,108551.734,108344.805,108488.3,108.05475,11886728.0,108901.625,109006.875,108662.734,108829.766,215.93616,22932672.0,109936.44,110309.516,109799.086,110135.71,386.14154,42187610.0,109947.414,110032.125,109796.96,109986.04,155.31464,17264048.0,108706.914,108869.89,108084.984,108469.25,649.4001,69896860.0,108499.945,108672.766,108250.11,108503.055,300.3327,31727304.0,110546.805,110699.41,110409.77,110507.43,217.15704,25058392.0,111551.82,111509.94,111203.33,111270.336,229.51013,25842168.0,108460.48,108560.336,108368.03,108510.26,55.09784,7122784.0,109462.49,109699.98,109385.42,109650.59,158.09644,17634304.0,107783.78,107770.06,107351.31,107447.24,174.5003,19066504.0,107608.24,107662.33,107113.195,107316.06,402.74237,41741304.0,108742.03,108786.07,108515.516,108617.57,129.48035,14395640.0,107859.11,108134.27,107721.59,108047.81,304.4876,32305512.0,108579.055,108676.75,108460.03,108601.59,59.10553,7272536.0,108216.914,108164.31,107725.695,107779.3,326.911,34745950.0,107815.61,107949.31,107656.305,107847.87,180.49402,19446488.0,108181.59,108298.32,108051.47,108220.875,122.28357,13808424.0,106969.7,107103.086,106720.125,106950.87,256.48755,26473536.0,108339.77,108293.26,107864.9,107935.96,301.80194,31870144.0
2025-10-21 00:00:00,108469.086,108555.12,108361.64,108492.44,94.1991,10565096.0,108817.305,108939.15,108622.67,108786.875,224.82721,24073624.0,110433.1,110823.516,110404.88,110571.74,554.3154,62703860.0,110088.46,110233.78,109775.26,109928.164,101.77832,7323168.0,108604.9,108844.93,108411.414,108673.45,384.04938,40985750.0,108465.51,108609.375,108320.53,108495.03,166.6087,18365016.0,110428.65,110564.31,110148.11,110166.43,144.31555,17119544.0,111319.83,111435.02,111001.586,111164.086,402.2708,45017640.0,108446.36,108575.234,108304.58,108461.64,177.46838,18875128.0,109612.23,109604.11,109333.26,109358.74,146.48975,16114392.0,107560.93,107749.555,107507.805,107726.54,113.536194,12918384.0,107265.32,107617.91,106994.875,107494.37,738.3574,77141500.0,108545.98,108700.86,108316.28,108530.4,236.01306,25283312.0,108126.1,108348.93,108010.08,108250.68,229.92926,24373280.0,108518.56,108475.12,108004.9,108050.03,235.23871,25344280.0,107828.25,108295.41,107718.0,108192.836,583.72186,62120548.0,107885.01,108155.984,107695.055,107997.62,410.66034,43781050.0,108149.64,108152.7,107684.69,107827.3,405.0074,42559630.0,107040.64,107352.23,107013.57,107385.08,236.60693,24608888.0,107941.52,108300.94,107841.3,108224.18,382.19147,40578600.0
2025-10-21 01:00:00,108365.875,108335.23,107888.47,107933.34,267.94452,28427952.0,108799.6,108915.56,108596.17,108764.055,227.65295,24248056.0,110701.53,110842.44,110122.33,110281.305,347.08563,40300550.0,109920.016,110023.26,109422.195,109766.79,189.88336,21389472.0,108754.12,108996.38,108609.62,108830.09,348.16937,37192040.0,108448.68,108607.68,108216.97,108450.16,264.91266,27821504.0,110109.88,110407.766,109768.914,110063.2,502.60492,54024556.0,111217.24,111448.04,111098.3,111352.33,281.03534,31623128.0,108444.63,108748.41,108343.14,108635.86,515.9587,55869880.0,109315.94,109347.25,109148.07,109207.64,110.08551,12291880.0,107767.77,108074.266,107646.35,107934.52,335.06958,35499090.0,107470.36,107673.74,107328.86,107538.45,277.08136,29149448.0,108433.54,108403.555,107938.75,108009.39,319.83344,34455910.0,108251.3,108385.125,108022.09,108254.39,278.70947,29066312.0,108089.875,108309.24,108063.98,108280.72,61.482056,7597480.0,108134.97,108264.91,107886.0,108097.17,341.44623,35733536.0,108017.695,108120.08,107849.9,108009.64,175.04321,18953952.0,107792.12,107879.98,107420.31,107625.46,451.6289,47286972.0,107386.6,107553.914,107276.914,107532.68,239.97815,24697600.0,108238.17,108367.28,108093.67,108267.97,154.85706,16811840.0
2025-10-21 02:00:00,107841.17,108089.21,107597.54,107948.76,625.2591,65644948.0,108774.27,108951.4,108536.14,108777.836,369.58008,39699870.0,110251.445,110308.195,109926.66,110002.445,321.47357,35930990.0,109969.47,110315.664,109850.75,110159.15,324.9148,35401624.0,108812.05,109021.75,108529.24,108755.2,670.7662,72719250.0,108412.66,108535.125,107943.47,108216.87,669.10736,70987520.0,110123.26,110205.5,109669.016,109879.016,624.01587,68852700.0,111408.125,111521.89,111122.164,111240.66,413.85352,46115344.0,108545.78,108638.65,108355.2,108515.64,253.1117,27002368.0,109149.984,109207.16,109024.75,109105.5,96.96881,10902248.0,107873.2,108036.34,107514.75,107723.805,657.8477,69320460.0,107568.08,107881.89,107344.94,107699.72,497.57443,52363270.0,107951.51,108052.34,107579.32,107833.97,452.0492,47671620.0,108255.445,108363.59,108094.805,108267.32,146.33215,16128912.0,108224.51,108397.625,108092.33,108324.65,177.06,18316256.0,108135.33,108320.67,107976.375,108194.36,248.68262,26114344.0,107935.28,108128.984,107786.47,108006.04,268.74414,27979520.0,107688.34,108044.766,107560.92,107918.09,437.7154,46551610.0,107531.664,107675.445,107398.37,107631.43,240.86969,24712520.0,108220.03,108176.15,107702.375,107794.97,306.7143,32153000.0
2025-10-21 03:00:00,107995.26,108304.15,107968.22,108293.58,209.89215,20972216.0,108838.164,109172.914,108506.64,109007.016,263.50854,27747232.0,109912.086,110183.95,109851.21,110158.945,162.46143,18155808.0,110300.984,110525.09,110085.016,110294.266,487.2173,53622076.0,108785.94,109294.88,108753.555,109250.59,472.78027,50959836.0,108195.66,108336.445,107737.484,108037.266,756.20856,80085944.0,109912.05,110008.43,109659.88,109930.66,422.33868,45518600.0,111259.91,111348.36,110982.336,111073.64,314.2115,35345440.0,108524.42,109044.945,108543.15,108942.14,528.6881,56940596.0,109051.79,109542.86,108992.8,109387.086,514.60986,56080270.0,107572.91,107642.55,106767.7,106994.42,1097.1705,116888360.0,107773.195,108236.59,107467.45,108090.67,368.59943,37925024.0,107790.45,108259.06,107661.57,108171.85,621.93726,66267468.0,108249.66,108290.99,108085.64,108190.13,58.746765,6316232.0,108239.266,108192.234,107776.39,107866.14,246.58429,26101488.0,108151.62,108095.61,107635.56,107735.37,344.31744,36213630.0,107991.29,108171.04,107850.305,108063.15,265.1173,27525976.0,107995.164,108125.055,107841.93,108023.1,185.11462,20113984.0,107649.55,107752.54,107510.28,107679.59,108.07678,11934440.0,107812.805,108103.75,107725.445,108067.766,257.6593,26905616.0
2025-10-21 04:00:00,108545.24,108819.31,108150.27,108466.4,220.94012,23803088.0,109096.0,109073.484,108653.75,108792.414,257.74847,27382376.0,110461.09,111063.375,109001.766,110844.65,558.9691,60651370.0,110345.07,110553.195,110116.984,110341.05,540.0753,59477060.0,109330.86,109559.81,109019.8,109243.27,480.14014,49463024.0,108023.12,108325.336,107819.66,108181.49,766.743,81976380.0,110051.62,110222.27,109912.06,110026.01,162.6117,15466608.0,111132.26,111659.58,111073.49,111505.195,624.46155,69149340.0,108865.086,108902.26,108645.56,108738.3,153.9079,17468792.0,109297.695,109539.75,109272.836,109499.78,286.60834,32117392.0,106942.55,107159.19,106618.37,106958.19,650.8535,67272560.0,108198.305,108337.01,107776.54,108003.83,484.38834,51671060.0,108164.96,108421.16,107908.1,108235.91,676.64026,72042960.0,108138.695,108336.4,107974.92,108240.67,198.99902,20610616.0,107807.67,108171.14,107524.195,108013.05,905.8912,95979736.0,107708.41,107945.5,107437.69,107808.05,661.8175,69674030.0,108062.85,108178.82,107925.93,108098.41,134.8053,14769808.0,108051.39,108154.93,107923.09,108088.29,136.60022,15164264.0,107714.06,107993.414,107585.61,107855.05,347.873,36778480.0,108113.82,108385.87,108086.97,108396.91,157.96637,15426208.0
2025-10-21 05:00:00,108419.33,108501.56,108224.7,108368.54,117.89838,13074320.0,108868.96,108978.3,108620.21,108811.61,241.67706,25610696.0,110699.67,110842.336,109908.6,110155.98,1013.6469,111703480.0,110380.66,110620.91,110210.97,110490.16,436.75287,47965770.0,109257.92,109180.98,108697.81,108810.09,368.1518,39539790.0,108151.28,108681.6,107966.91,108413.805,1020.4697,109610780.0,110025.4,110169.03,109559.12,109913.63,205.08282,22586496.0,111339.71,111528.81,110766.766,110760.48,582.7588,66204372.0,108768.2,109104.34,108722.14,108986.98,507.77777,53613644.0,109508.45,109521.15,109237.98,109309.586,149.28717,16710824.0,106999.69,107277.78,106923.6,107211.32,272.15533,28560360.0,108181.67,108283.016,107971.7,108138.37,211.55902,22724296.0,108286.92,108630.09,107934.45,108455.29,373.4981,39177464.0,108190.92,108346.06,108040.47,108253.086,221.3952,23208520.0,107977.47,108216.24,107733.66,108012.94,502.14984,53383960.0,107798.125,108088.82,107600.08,107917.45,500.7689,52921220.0,108063.86,108241.8,107909.03,108124.77,239.98578,24899832.0,108078.85,108179.71,107980.336,108135.01,99.62323,11506240.0,107836.91,107977.0,107666.42,107878.81,249.5564,25886496.0,108461.03,108596.555,108176.62,108360.266,368.5432,39442440.0
2025-10-21 06:00:00,108297.305,108276.016,107794.24,107884.65,272.66766,28950432.0,108581.305,109018.46,108306.266,108904.96,696.813,73649220.0,110316.07,110566.125,109993.91,110338.195,679.1874,74973280.0,110485.71,110621.086,110295.51,110433.17,294.9878,32764856.0,109000.164,109326.125,108604.02,109101.63,315.9273,34416536.0,108297.664,108443.19,107925.04,108173.44,609.4027,65200260.0,110092.21,110205.08,109688.47,109889.06,479.0909,51529028.0,110873.234,111190.664,110722.85,111060.51,461.2113,50664024.0,108974.63,109091.88,108837.36,108953.98,268.29462,28790176.0,109456.88,109806.516,109011.93,109151.914,168.87616,20204536.0,107178.37,107235.875,106793.04,106964.39,383.52777,39612880.0,108149.21,108387.81,107919.05,108208.2,419.4735,44809170.0,108569.266,108729.88,108369.42,108584.164,322.23846,34154910.0,108192.4,108153.73,107740.11,107832.3,275.80615,29277696.0,108009.77,108175.49,107760.48,108016.9,338.6681,35389176.0,107925.58,108238.31,107699.55,108058.6,675.6853,71584210.0,108149.07,108452.15,107985.72,108304.89,552.2814,58436348.0,108111.34,108135.23,107988.11,108083.47,28.79004,3798880.0,107832.9,108420.61,107795.24,108267.836,812.2197,86435230.0,108364.05,108525.81,108192.15,108392.44,197.40997,20831440.0
2025-10-21 07:00:00,107841.12,107885.58,107295.2,107572.87,651.2357,68940560.0,108942.09,109171.734,108362.96,108756.64,1061.2941,114446856.0,110415.26,110670.03,110207.55,110530.46,517.9845,56850840.0,110237.74,111344.88,109160.2,111148.17,1036.3721,111360270.0,109267.69,109392.875,108994.734,109157.91,305.7821,32970792.0,108243.13,108636.414,107857.24,108341.32,1199.5208,128079050.0,109914.72,109911.34,109115.83,109293.79,730.9508,79570296.0,111168.79,111679.58,111137.87,111586.88,509.96378,56740092.0,109045.46,109368.77,108864.74,109134.51,376.6983,39078870.0,109370.805,109787.7,109195.305,109545.13,458.60895,48060070.0,106944.27,107056.516,106673.11,106894.24,360.18054,37346870.0,108203.7,108314.83,108032.28,108199.48,188.53314,20424000.0,108458.07,108708.086,108133.875,108534.95,559.39966,59997212.0,107853.96,108128.91,107755.89,108084.664,236.2785,24959816.0,107994.695,108198.13,107811.1,108081.89,288.7895,30096088.0,107998.86,108482.3,107822.234,108227.19,980.94385,104801300.0,108129.266,108407.445,107796.81,108224.875,571.9839,60578076.0,108064.53,108356.234,107921.19,108223.125,298.68964,31815576.0,108190.375,108298.875,107870.61,108073.305,492.55652,52721850.0,108373.39,108500.54,108160.23,108376.02,251.78247,26290856.0
2025-10-21 08:00:00,107475.93,107621.29,107135.125,107428.47,510.35474,53134696.0,108823.83,109451.04,108736.82,109344.67,907.92834,97162184.0,110526.6,110650.32,110352.836,110566.89,245.15582,26853256.0,111363.4,112455.664,111224.99,112146.7,1167.2118,130595980.0,109262.67,109534.59,109003.79,109312.42,561.5348,59900990.0,108041.57,108527.9,107550.805,108233.83,806.1317,83605420.0,109367.05,109802.52,109384.58,109762.875,314.13196,34956270.0,111619.38,111657.57,111098.94,111231.195,601.77844,66685524.0,108829.625,109349.03,108233.375,109000.734,827.327,86309020.0,109646.67,109957.51,109517.766,109813.09,527.24146,57701830.0,106877.72,107232.61,106700.51,107159.09,693.3723,72153340.0,108141.516,108310.88,107937.21,108157.28,286.31403,29892912.0,108514.555,110298.08,108501.69,110095.45,1966.2317,214086600.0,108070.38,108246.41,107892.48,108154.52,242.38934,25283992.0,108062.12,108391.78,107879.83,108262.12,576.53723,60964332.0,108051.2,109366.41,106898.19,109024.39,1433.167,152151420.0,108261.61,108331.28,107664.625,107892.22,743.46265,79005790.0,108042.81,108886.31,107616.586,108587.86,821.7412,84961176.0,108139.52,109030.2,108138.92,108663.195,1629.5934,174934140.0,108349.164,108324.88,107856.69,107989.02,430.6989,45367496.0
2025-10-21 09:00:00,107288.086,107407.13,106596.22,106905.336,1082.3002,115487960.0,109177.93,109331.98,108563.45,108716.16,948.71436,102899880.0,110545.11,110744.24,110289.88,110471.31,306.0622,33596840.0,112293.19,112278.586,111763.89,111883.516,416.4438,46968596.0,109318.44,109523.484,109014.8,109295.19,619.69604,66331624.0,108138.734,109310.3,107668.945,109069.2,1206.7833,128047624.0,109797.86,110032.79,109328.9,109758.18,308.48224,33494256.0,111240.76,111794.18,111181.67,111588.05,464.98584,52843644.0,109037.87,109443.05,108897.734,109362.33,459.61615,49863836.0,109885.82,110062.02,109758.734,109927.41,308.3186,34166450.0,107120.914,107381.79,106930.34,107284.39,398.58228,41216150.0,108123.28,108660.39,108021.664,108491.48,844.00024,90182080.0,110086.95,110773.06,109697.26,110221.41,1565.079,171936140.0,108099.32,108055.85,107611.41,107728.81,288.69098,30448464.0,108300.945,108639.79,107962.016,108479.516,306.315,31803856.0,109210.64,109363.44,108633.0,108914.2,663.35614,70193224.0,107890.45,107924.86,107402.49,107507.914,310.48083,33252992.0,108598.37,108746.39,108147.59,108516.88,365.98334,38879144.0,108679.69,108860.234,108131.66,108258.08,1067.236,115314740.0,108018.836,108208.72,107932.31,108149.45,143.03113,16039840.0
2025-10-21 10:00:00,107159.85,106976.85,106482.83,106233.44,1513.8721,156392880.0,108736.945,108841.945,108348.44,108553.84,469.77808,49744144.0,110326.34,110527.77,110160.055,110295.625,419.987,47232580.0,111778.71,111801.055,111282.8,111407.8,373.5949,42127690.0,109353.09,109464.57,109038.23,109310.34,459.31787,49468790.0,109292.3,109421.445,108699.18,108943.336,869.542,93490760.0,109891.95,110072.23,109780.45,110021.266,170.48267,18296824.0,111534.164,111599.67,111059.79,111056.31,261.17645,30109704.0,109535.66,109826.44,108865.25,109382.98,987.4743,105955090.0,109985.484,110130.375,109875.266,110078.266,179.61902,19914504.0,107247.16,107481.86,107044.97,107401.36,357.3192,36734570.0,108425.77,108592.836,108145.05,108388.04,709.7732,76454180.0,110168.5,111553.29,109717.12,110931.516,2614.878,284372740.0,107798.39,108275.9,107816.93,108324.63,244.74115,25394320.0,108554.17,108566.91,108125.484,108301.06,294.03076,31008880.0,108908.516,109262.414,108689.39,109037.69,709.6575,76091790.0,107503.336,107871.15,107367.83,107806.25,327.18597,34182610.0,108829.53,109241.65,108710.516,109088.234,552.4668,59903624.0,108470.0,108828.46,108227.66,108548.75,630.7236,65737310.0,108143.016,108337.03,107968.875,108240.01,238.5315,24784048.0
2025-10-21 11:00:00,106162.04,106519.695,105866.25,106339.79,1086.026,113149350.0,108605.4,108845.86,108505.2,108813.54,254.96259,26352616.0,110317.96,110495.02,109971.49,110206.484,476.31802,52697224.0,111255.14,111417.875,110997.336,111193.71,320.30896,36274570.0,109265.37,109377.73,108927.83,109110.97,514.55164,56310410.0,108978.78,109261.73,108469.05,108901.67,833.6408,88017810.0,110097.16,110334.83,109792.19,110019.36,548.0161,59895500.0,111068.016,111371.34,110910.37,111239.84,394.8208,43329070.0,109435.15,109762.055,109230.64,109553.91,670.98474,73097360.0,110118.125,110315.92,109718.4,109870.086,255.58649,30456800.0,107376.13,108046.516,107302.836,107863.31,907.0082,96119670.0,108355.734,108539.414,108073.484,108313.47,535.32776,57532984.0,111171.04,111984.43,110915.96,111494.234,1967.2305,218207330.0,108333.56,108546.375,108082.08,108328.6,556.3066,59107492.0,108364.59,108331.734,107809.37,107918.56,333.41473,35565210.0,109017.0,109199.05,108513.67,108883.18,434.52026,46815076.0,107768.266,107815.81,107328.11,107538.836,485.4414,50627656.0,109309.48,109588.266,109124.65,109381.03,444.65442,48828536.0,108601.53,108940.05,108214.18,108632.93,749.21985,78540620.0,108194.88,108738.33,108106.35,108579.71,805.3661,86016800.0
